ID,NOME,COGNOME,OGGETTO
643b1fd2f2b1509a197221fd26b227cd,1,1,"Felpa Tradizionale -1-,RED,XS"
643b1fd2f2b1509a197221fd26b227cd,1,1,"Felpa Tradizionale -2-,RED,XS"
643b1fd2f2b1509a197221fd26b227cd,1,1,"Felpa Tradizionale -4-,WHITE,XS"
643b1fd2f2b1509a197221fd26b227cd,1,1,"Felpa Tradizionale -3-,GREY,XS"
643b1fd2f2b1509a197221fd26b227cd,1,1,"Maglietta,RED,XS"
643b1fd2f2b1509a197221fd26b227cd,1,1,Borraccia
643b1fd2f2b1509a197221fd26b227cd,1,1,Borraccia
643b1fd2f2b1509a197221fd26b227cd,1,1,Borraccia
643b1fd2f2b1509a197221fd26b227cd,1,1,Borraccia
643b1fd2f2b1509a197221fd26b227cd,1,1,Borraccia
643b1fd2f2b1509a197221fd26b227cd,1,1,Borraccia
643b1fd2f2b1509a197221fd26b227cd,1,1,Borraccia
643b1fd2f2b1509a197221fd26b227cd,1,1,Borraccia
643b1fd2f2b1509a197221fd26b227cd,1,1,Borraccia
643b1fd2f2b1509a197221fd26b227cd,1,1,Borraccia
643b1fd2f2b1509a197221fd26b227cd,1,1,Borraccia
643b1fd2f2b1509a197221fd26b227cd,1,1,Borraccia
643b1fd2f2b1509a197221fd26b227cd,1,1,Borraccia
643b1fd2f2b1509a197221fd26b227cd,1,1,Borraccia
643b1fd2f2b1509a197221fd26b227cd,1,1,Borraccia
643b1fd2f2b1509a197221fd26b227cd,1,1,Borraccia
643b1fd2f2b1509a197221fd26b227cd,1,1,Borraccia
643b1fd2f2b1509a197221fd26b227cd,1,1,Annuario
643b1fd2f2b1509a197221fd26b227cd,1,1,Annuario
643b1fd2f2b1509a197221fd26b227cd,1,1,Annuario
643b1fd2f2b1509a197221fd26b227cd,1,1,Annuario
643b1fd2f2b1509a197221fd26b227cd,1,1,Annuario
ef2d217d83e9d255bbafecd093602cf3,1,1,
ef2d217d83e9d255bbafecd093602cf3,1,1,
031e62eea406d29d6c5ac9e4cebc6b34,a,a,Annuario
031e62eea406d29d6c5ac9e4cebc6b34,a,a,Borraccia
